{
  "window_seconds": 60,
  "requests": {
    "test-model": [
      [
        1765069115.852997,
        600
      ],
      [
        1765069115.8530078,
        500
      ]
    ]
  }
}